{
    "title": "7月起中心城区三家医院全面启用居民电子健康卡",
    "questions": [
        {
            "information": "中心城区三家医院将全面启用居民电子健康卡",
            "question": "哪些医院将全面启用居民电子健康卡？"
        },
        {
            "information": "本月底前将停发就诊卡并同步启用“居民电子健康卡”，6月底全面停用就诊卡",
            "question": "就诊卡将何时停发？何时全面停用？"
        },
        {
            "information": "市民从7月1日起将全面使用“居民电子健康卡”看病就医",
            "question": "市民从何时起将全面使用“居民电子健康卡”看病就医？"
        },
        {
            "information": "电子健康卡是国家卫健委统一规划实施、面向全国居民发放、在全国医疗卫生机构通用、方便居民看病就医的统一标准“就诊服务卡”",
            "question": "电子健康卡是什么？有什么作用？"
        },
        {
            "information": "居民可通过电子健康卡进行线上预约挂号、扫码就诊、检验检查、线上支付、扫码取药、报告查询、住院缴费等，实现一码通用",
            "question": "电子健康卡可以进行哪些操作？有什么优势？"
        },
        {
            "information": "广大市民可提前下载“i荆门”APP，并注册申领“电子健康卡”",
            "question": "如何下载“i荆门”APP并注册申领电子健康卡？"
        },
        {
            "information": "我市中心城区其他医院、各县（市、区）所辖县级医院、乡镇医院、村卫生室的“电子健康卡”上线工作正在紧锣密鼓地推进中",
            "question": "我市其他医院的电子健康卡上线工作进展如何？"
        }
    ]
}