{
    "title": "您可否领租赁补贴或申请公租房荆门最新政策在此",
    "questions": [
        {
            "information": "今年的住房租赁补贴怎么领？",
            "question": "如何领取今年的住房租赁补贴？"
        },
        {
            "information": "公租房如何申报？",
            "question": "如何申请公租房？"
        },
        {
            "information": "市中心城区2022年度住房租赁补贴和公租房申报政策已公布，符合条件的市民可以依情况申报。",
            "question": "市中心城区2022年度住房租赁补贴和公租房申报政策已公布，符合条件的市民如何申报？"
        },
        {
            "information": "住房租赁补贴保障区域。",
            "question": "哪些区域可以申请住房租赁补贴？"
        },
        {
            "information": "公租房保障区域。",
            "question": "哪些区域可以申请公租房？"
        },
        {
            "information": "低收入家庭申请住房租赁补贴或公租房的申请条件。",
            "question": "低收入家庭申请住房租赁补贴或公租房需要满足哪些条件？"
        },
        {
            "information": "其他收入家庭申请公租房的申请条件。",
            "question": "其他收入家庭申请公租房需要满足哪些条件？"
        },
        {
            "information": "保障标准。",
            "question": "住房租赁补贴和公租房的保障标准是什么？"
        },
        {
            "information": "申办方式。",
            "question": "住房租赁补贴和公租房的申请方式是什么？"
        },
        {
            "information": "网上提交的影印件必须清晰、完整，否则需网上重新提交或提交纸质原件，以确认其真实性。",
            "question": "网上提交的影印件需要满足什么要求？"
        },
        {
            "information": "经审核公示符合实物配租保障条件家庭，实行电脑摇号确定选房顺序号，根据顺序号依次选房。",
            "question": "符合实物配租保障条件的家庭如何选房？"
        },
        {
            "information": "申请人隐瞒、虚报个人信息或者伪造住房、收入和财产状况证明骗取住房保障待遇的处理方式。",
            "question": "申请人隐瞒、虚报个人信息或者伪造证明材料申请住房保障待遇会有什么后果？"
        }
    ]
}