{
  "title": "车驾管业务去哪儿办理地址和业务范围在这里",
  "questions": [
    {
      "information": "车驾管业务该去哪里办",
      "question": "车驾管业务应该去哪里办理？"
    },
    {
      "information": "机动车免检合格标志、临时号牌在哪里领",
      "question": "机动车免检合格标志和临时号牌应该在哪里领取？"
    },
    {
      "information": "很多车驾管业务的办理地点可能就在你家隔壁",
      "question": "车驾管业务的办理地点可能在哪些地方？"
    },
    {
      "information": "交管部门网点和社会化服务网点",
      "question": "哪些地方是交管部门网点和社会化服务网点？"
    },
    {
      "information": "城区通行证开始办理",
      "question": "城区通行证从什么时候开始办理？"
    },
    {
      "information": "收藏这份详细地点大全",
      "question": "哪里可以找到详细的车驾管业务办理地点大全？"
    },
    {
      "information": "道路监控即将启用，驾车时接听手持电话也将被拍",
      "question": "道路监控即将启用，驾车时接听手持电话会被拍照吗？"
    },
    {
      "information": "新的交警综合服务大厅正式启用",
      "question": "新的交警综合服务大厅已经启用了吗？"
    }
  ]
}
