{
  "title": "退役军人优待证来了",
  "questions": [
    {
      "information": "退役军人事务部启动退役军人、其他优抚对象优待证的申领发放工作",
      "question": "谁启动了退役军人、其他优抚对象优待证的申领发放工作？"
    },
    {
      "information": "优待证分为“中华人民共和国退役军人优待证”、“中华人民共和国烈士、因公牺牲军人、病故军人遗属优待证”两种",
      "question": "优待证分为哪两种？"
    },
    {
      "information": "优待证为全国统一式样，印有优待证种类名称、持证人姓名、持证人性别、持证人相片、发放单位等信息",
      "question": "优待证上印有哪些信息？"
    },
    {
      "information": "优待证采取与银行合作的方式制发，首批合作银行为中国工商银行、中国农业银行、中国邮政储蓄银行和中国光大银行",
      "question": "优待证采取什么方式制发？首批合作银行有哪些？"
    },
    {
      "information": "优待证持证人可享受四方面优待",
      "question": "优待证持证人可享受几方面优待？"
    },
    {
      "information": "优待证如何申领？",
      "question": "优待证如何申领？"
    },
    {
      "information": "退役军人和烈士遗属、因公牺牲军人遗属、病故军人遗属等其他优抚对象原则上应向户籍地乡镇（街道）退役军人服务站提出申请",
      "question": "退役军人和其他优抚对象应该向哪里提出申请？"
    },
    {
      "information": "具有双重或多重身份的对象，其相关身份均写入优待证芯片，按规定享受相应的优待服务",
      "question": "具有双重或多重身份的对象会怎样享受优待服务？"
    }
  ]
}
