{
    "title": "湖北新规这类犬只将禁养",
    "questions": [
        {
            "information": "条例规定，禁止遗弃饲养的犬、猫。县级以上人民政府应当组织做好弃养、流浪、无主、没收的犬和猫的收容、防疫、无害化处理等工作。",
            "question": "哪些动物被禁止遗弃饲养？县级以上人民政府应当做好哪些工作？"
        },
        {
            "information": "禁止饲养烈性犬、大型犬，特殊犬只按照国家相关规定管理。",
            "question": "哪些犬只被禁止饲养？特殊犬只应该按照什么规定管理？"
        },
        {
            "information": "饲养犬只的单位和个人应当按照规定，定期到狂犬病免疫点，为犬只实施狂犬病免疫接种，取得湖北省人民政府农业农村主管部门监制的免疫证明后，向所在地养犬登记机关申请登记。",
            "question": "饲养犬只的单位和个人应该按照什么规定进行狂犬病免疫接种？接种后需要取得什么证明？"
        },
        {
            "information": "县级人民政府农业农村主管部门应当确定并公布狂犬病免疫点，并加强监督检查，依法查处出具虚假狂犬病免疫证明和使用假、劣狂犬病疫苗等违法违规行为。",
            "question": "县级人民政府农业农村主管部门应该做哪些事情来加强狂犬病免疫的监督？哪些行为是违法违规的？"
        },
        {
            "information": "条例还对动物疫情的报告和动物疫病的控制，动物、动物产品的检疫和无害化处理等方面作出规定。",
            "question": "条例还对哪些方面作出了规定？"
        }
    ]
}