{
    "title": "优化营商环境荆门交警推出新六条",
    "questions": [
        {
            "information": "荆门交警推出了优化营商环境\"新六条\"",
            "question": "荆门交警推出了什么新措施？"
        },
        {
            "information": "交通违法“四不罚”",
            "question": "荆门交警推出了哪些交通违法“四不罚”？"
        },
        {
            "information": "外地来荆车辆因不熟悉道路状况、在宾馆、酒店周边违法停车、在城区5个夜市区域紧靠道路边缘单排停车、因紧急就医违法通行未造成交通事故的不予处罚",
            "question": "哪些情况下外地来荆车辆不会被处罚？"
        },
        {
            "information": "旅游客运车不受城区道路禁限行规定、来荆进行商贸活动的单位和企业需要公安交警部门提供服务的",
            "question": "哪些车辆不受城区道路禁限行规定？哪些单位和企业需要公安交警部门提供服务？"
        }
    ]
}