{
  "title": "荆门公安向养老诈骗宣战24小时接受举报",
  "questions": [
    {
      "information": "荆门市公安局召开全市公安机关打击整治养老诈骗专项行动电视电话会议",
      "question": "什么是荆门市公安局召开的会议？"
    },
    {
      "information": "荆门市公安局决定从现在起开展为期半年的集中打击整治养老诈骗专项行动",
      "question": "荆门市公安局决定开展什么行动？"
    },
    {
      "information": "荆门市公安局打击整治养老诈骗专项办关于征集养老诈骗违法犯罪线索的通告",
      "question": "荆门市公安局发布了什么通告？"
    },
    {
      "information": "欢迎广大群众积极举报养老诈骗违法犯罪线索",
      "question": "荆门市公安局欢迎群众举报什么？"
    },
    {
      "information": "举报范围以提供“养老服务”、投资“养老项目”、销售“养老产品”、宣称“以老养房”、代办“养老保险”、开展“养老帮扶”等为名实施诈骗、集资诈骗、非法吸收公众存款、组织领导传销活动、合同诈骗、制售伪劣商品等侵害老年人财产权益的各类违法犯罪活动",
      "question": "哪些行为属于养老诈骗？"
    },
    {
      "information": "举报人可以采取以下方式进行举报：1、网上举报：中央政法委12337智能化举报平台；2、电话举报：110（24小时值班）或 0724—8882134；3、信件或当面举报：湖北省荆门市漳河新区深圳大道69号荆门市公安局刑侦支队。",
      "question": "举报养老诈骗可以采取哪些方式？"
    },
    {
      "information": "举报人必须实事求是，应尽可能提供线索或者案件的时间、地点，以及犯罪嫌疑人姓名、住址、主要犯罪事实和相关证据，不得故意虚构、夸大、捏造事实，不得故意捏造事实诬陷他人",
      "question": "举报人需要提供哪些信息？"
    },
    {
      "information": "荆门公安郑重承诺绝不放过任何一条有价值的线索一查到底！",
      "question": "荆门公安做出了什么承诺？"
    },
    {
      "information": "除了老年人作为养老保卫战的家庭帮成员我们同样要提高防骗能力那么有哪些常见的养老骗局？又该如何防范？赶紧学起来！",
      "question": "除了老年人，谁还需要提高防骗能力？有哪些常见的养老骗局？如何防范？"
    }
  ]
}
