{
  "title": "荆门新增一处24小时自助车管所",
  "questions": [
    {
      "information": "荆门新增一处24小时自助车管所",
      "question": "这家24小时自助车管所具体位置在哪里？"
    },
    {
      "information": "驾驶证业务（受理制证）期满换证、遗失补证、损毁换证、驾驶证联系方式变更、转入换证、驾驶证信息查询。机动车业务（受理）机动车号牌补领换领、行驶证补领换领、申领免检车辆检验合格标志、机动车联系方式变更、机动车基本信息查询。自助体检业务自助照相业务",
      "question": "这家24小时自助车管所能办理哪些业务？"
    }
  ]
}
