{
    "title": "京山市民发现市政公共设施出现故障请拨打以下电话维修",
    "questions": [
        {
            "information": "市政服务维修热线",
            "question": "市政服务维修热线的联系电话是多少？"
        },
        {
            "information": "燃气服务维修热线",
            "question": "燃气服务维修热线的联系电话是多少？"
        },
        {
            "information": "供电服务维修热线",
            "question": "供电服务维修热线的联系电话是多少？"
        },
        {
            "information": "供水服务维修热线",
            "question": "供水服务维修热线的联系电话是多少？"
        },
        {
            "information": "移动服务维修热线",
            "question": "移动服务维修热线的联系电话是多少？"
        },
        {
            "information": "电信服务维修热线",
            "question": "电信服务维修热线的联系电话是多少？"
        },
        {
            "information": "联通服务维修热线",
            "question": "联通服务维修热线的联系电话是多少？"
        },
        {
            "information": "广电服务维修热线",
            "question": "广电服务维修热线的联系电话是多少？"
        },
        {
            "information": "交警服务报修热线",
            "question": "交警服务报修热线的联系电话是多少？"
        },
        {
            "information": "路灯服务报修热线",
            "question": "路灯服务报修热线的联系电话是多少？"
        },
        {
            "information": "服务维修内容",
            "question": "哪些服务维修热线提供城区市政雨污管网井盖、城市道路、城市桥梁、人行道破损，城区交通护栏、隔离柱损坏维修的服务？"
        },
        {
            "information": "联系时间",
            "question": "维修热线的联系时间是什么时候？"
        }
    ]
}