{
    "title": "紧急荆门发布枯水蓝色预警请大家务必干这样一件事",
    "questions": [
        {
            "information": "荆门市发布枯水蓝色预警",
            "question": "为什么荆门市发布了枯水蓝色预警？"
        },
        {
            "information": "漳河水库库水位已达蓝色预警标准",
            "question": "漳河水库的库水位达到了什么预警标准？"
        },
        {
            "information": "建议各地加强蓄水保水，科学调配水源，加强节水，广辟水源",
            "question": "荆门市水文水资源勘测局建议采取哪些措施来应对枯水蓝色预警？"
        },
        {
            "information": "地球上有72%的面积被水覆盖，可供人使用的淡水资源仅有不到2%",
            "question": "地球上的水资源分布情况如何？"
        },
        {
            "information": "家庭中有哪些水可以一水多用？",
            "question": "在家庭中，哪些水可以进行一水多用？"
        },
        {
            "information": "家庭节水小窍门有哪些？",
            "question": "在家庭中，有哪些节水的小窍门？"
        },
        {
            "information": "洗衣服时如何节水？",
            "question": "在洗衣服时，有哪些节水的方法？"
        },
        {
            "information": "使用厕所时如何节水？",
            "question": "在使用厕所时，有哪些节水的方法？"
        },
        {
            "information": "如何评价节水马桶？",
            "question": "根据什么标准来评价节水马桶？"
        },
        {
            "information": "洗车如何节水？",
            "question": "在洗车时，有哪些节水的方法？"
        }
    ]
}