{
    "title": "定了荆门电动自行车要上牌了",
    "questions": [
        {
            "information": "荆门市即将启动电动自行车上牌工作",
            "question": "什么时候启动电动自行车上牌工作？"
        },
        {
            "information": "国家法律法规有规定，对电动自行车实行登记管理、发放电动自行车行驶证和号牌。",
            "question": "为什么要对电动自行车登记上牌？"
        },
        {
            "information": "电动自行车因灵活便捷易停放、价格便宜易操作在许多地区已经成为人们出行的主要方式之一，但是，由于缺少约束等原因，电动自行车横穿、逆行、闯灯、占道等违法行为普遍存在，给道路交通带来极大的安全隐患。",
            "question": "电动自行车存在哪些安全隐患？"
        },
        {
            "information": "电动自行车登记上牌范围包括：符合国标并具有 CCC 认证证书、且无不准许办理情形的电动自行车。",
            "question": "哪些电动自行车可以进行登记上牌？"
        },
        {
            "information": "根据《湖北省实施〈中华人民共和国道路交通安全法〉办法》第十四条之规定，对上道路行驶的电动自行车实行登记制度。",
            "question": "电动自行车登记制度的法律依据是什么？"
        },
        {
            "information": "未经公安机关交通管理部门登记的电动自行车，不得上道路行驶。办理电动自行车登记应当提交车辆所有人身份证明、车辆来历证明和车辆合格证明。",
            "question": "电动自行车登记需要提交哪些证明？"
        },
        {
            "information": "非机动车未依法登记，上道路行驶的，处警告或50元罚款。",
            "question": "未登记的电动自行车上道路行驶会受到什么处罚？"
        },
        {
            "information": "电动自行车登记上牌是提升我市道路交通管理水平的重要举措。",
            "question": "电动自行车登记上牌的目的是什么？"
        }
    ]
}