{
    "title": "国家基本养老服务清单来了",
    "questions": [
        {
            "information": "《国家基本养老服务清单》中包含哪些内容？",
            "question": "清单中包含哪些内容？"
        },
        {
            "information": "《国家基本养老服务清单》针对哪部分人群？",
            "question": "清单针对哪部分人群？"
        },
        {
            "information": "《国家基本养老服务清单》有何意义？",
            "question": "清单有何意义？"
        },
        {
            "information": "清单中包含物质帮助、照护服务、关爱服务等三大类16个服务项目，面向多类老年人。",
            "question": "清单中有哪些服务项目？面向哪些老年人？"
        },
        {
            "information": "《国家基本养老服务清单》明确的对象、项目、内容等，根据经济社会发展水平、财力状况等因素动态调整。",
            "question": "清单中的对象、项目、内容等是否会动态调整？"
        },
        {
            "information": "到2025年，基本养老服务体系覆盖全体老年人。",
            "question": "到什么时候，基本养老服务体系将覆盖全体老年人？"
        },
        {
            "information": "全国60周岁及以上老年人超过2.8亿，占全国总人口19.8%，其中65周岁及以上老年人达2.1亿，占全国总人口14.9%。",
            "question": "全国60周岁及以上老年人的人数和占比分别是多少？65周岁及以上老年人的人数和占比分别是多少？"
        },
        {
            "information": "老年人高龄津贴、养老服务补贴、护理补贴、综合补贴分别惠及3330.2万、546.1万、97.1万、67.2万老年人。全国1395万名老年人纳入最低生活保障，368万特困老年人纳入特困救助供养；全国有各类养老机构和设施38.1万个。",
            "question": "老年人高龄津贴、养老服务补贴、护理补贴、综合补贴分别惠及多少老年人？全国有多少老年人纳入最低生活保障？特困老年人有多少人纳入特困救助供养？全国有多少养老机构和设施？"
        },
        {
            "information": "基本养老服务依然是新时代养老服务工作的短板弱项，发展不平衡不充分问题仍然突出。",
            "question": "基本养老服务的发展状况如何？存在哪些问题？"
        },
        {
            "information": "到2025年，基本养老服务制度体系基本健全，基本养老服务清单不断完善，服务对象、服务内容、服务标准等清晰明确，服务供给、服务保障、服务监管等机制不断健全，基本养老服务体系覆盖全体老年人。",
            "question": "到2025年，基本养老服务制度体系将会如何？清单会不断完善吗？服务对象、服务内容、服务标准等是否会更加明确？服务供给、服务保障、服务监管等机制是否会更加健全？基本养老服务体系是否会覆盖全体老年人？"
        },
        {
            "information": "如何保障老年人健康生活？",
            "question": "如何保障老年人健康生活？"
        },
        {
            "information": "目前全国范围已逐步形成因地制宜推进基本养老服务体系建设的良好局面。",
            "question": "目前全国范围的基本养老服务体系建设状况如何？"
        }
    ]
}