{
    "title": "关于207国道荆门市子陵至砖桥段一级公路团林收费站设站收费的通告",
    "questions": [
        {
            "information": "207国道荆门市子陵至砖桥段一级公路已建成通车",
            "question": "207国道荆门市子陵至砖桥段一级公路是否已建成通车？"
        },
        {
            "information": "根据《省人民政府关于207国道荆门市子陵至砖桥段一级公路设置收费站有关事项的批复》（鄂政函〔2022〕98号）有关精神，批准设立207国道荆门市子陵至砖桥段一级公路团林收费站。",
            "question": "207国道荆门市子陵至砖桥段一级公路是否设立了团林收费站？"
        },
        {
            "information": "收费时间自2022年10月28日零时起开始试运营收费。",
            "question": "207国道荆门市子陵至砖桥段一级公路的收费时间是什么时候开始试运营收费？"
        },
        {
            "information": "对通行207国道荆门市子陵至砖桥段一级公路的机动车辆收取通行费。",
            "question": "对哪些车辆收取207国道荆门市子陵至砖桥段一级公路的通行费？"
        },
        {
            "information": "哪些车辆可以免交207国道荆门市子陵至砖桥段一级公路的通行费？",
            "question": "哪些车辆可以免交207国道荆门市子陵至砖桥段一级公路的通行费？"
        },
        {
            "information": "207国道荆门市子陵至砖桥段一级公路属政府还贷性收费公路，所收取的车辆通行费属行政事业性收费。",
            "question": "207国道荆门市子陵至砖桥段一级公路的收费性质是什么？"
        },
        {
            "information": "收费标准按照《省人民政府关于207国道荆门市子陵至砖桥段一级公路设置收费站有关事项的批复》（鄂政函〔2022〕98号）执行。",
            "question": "207国道荆门市子陵至砖桥段一级公路的收费标准是按照什么执行的？"
        },
        {
            "information": "附件：1.207国道荆门市子陵至砖桥段一级公路车型分类收费标准2.207国道荆门市子陵至砖桥段一级公路载货类汽车计重收费标准",
            "question": "附件中包含哪些内容？"
        }
    ]
}