{
    "title": "水价政策九问九答",
    "questions": [
        {
            "information": "水价分为居民生活用水、非居民生活用水、特种用水三类。以前的工业用水和行政事业单位用水都合并到非居民生活用水了。",
            "question": "水价分为哪些类？"
        },
        {
            "information": "依据文件：荆发改价格发[2020]16号《市发展和改革委员会关于调整荆门城区供水价格的批复》和荆发改价格发[2020]24号市发展改革委、市住建局关于印发《荆门城区供水价格管理实施办法（暂行）》的通知进行水价分类。",
            "question": "水价分类依据是什么？"
        },
        {
            "information": "特种用水是指洗车及汽车美容行业用水，洗浴、足浴、桑拿、KTV、酒吧、茶楼用水、美容美发美体、高档按摩等娱乐保健场所（含宾馆、饭店单位内设上述行业用水），饮水制造（含纯净水）用水、经营性水上项目用水（含游泳池）。",
            "question": "哪些行业属于特种用水？"
        },
        {
            "information": "居民生活用水1.9元每立方米，以阶梯水价计算，分为三个阶梯；非居民生活用水2.48元/立方米；特种行业用水8元/立方米。",
            "question": "不同类型的水价分别是多少？"
        },
        {
            "information": "只有居民生活用水按阶梯水价计算，按人均用水3.75/月核定，以4口人为例，具体水价见下表：",
            "question": "阶梯水价是怎么计算的？"
        },
        {
            "information": "根据《荆门市中心城区污水处理费征收使用管理办法》第十一条：使用城市公共供水的单位和个人，其城市污水处理费由市住房和城乡建设行政主管部门委托城市公共供水企业在收取水费时代征，所以会在水费标准上每立方米增加0.95元的污水处理费哦。当然，非居民生活用水每立方米增加1.4元污水处理费。",
            "question": "我们好像每月缴费不是这个标准呢？"
        },
        {
            "information": "当然可以，每增加一口人，第一阶梯基数可以增加3.75吨。",
            "question": "如果我家里不止住了4口人，第一阶梯基数可以增加吗？"
        },
        {
            "information": "增加第一阶梯基数必须是户籍人口在5人以上（含5人）的，用水人口与户口薄一致的，可携带与用水地址一致的户口薄及复印件到各营业厅进行办理。用水人口与户口薄不一致的，可携带用水地址所在辖区的社区居委会证明（盖章）到各营业厅进行办理。",
            "question": "那增加第一阶梯基数需要办理什么手续吗？"
        },
        {
            "information": "大家既可以在微信上关注“荆门水务集团”公众号进行查询。也可以登录荆门市城市水务集团官方网站（http：//www.jmgsgs.com)进入网上营业厅查询。\n1、营业厅柜台：可通过现金，微信，支付宝，银行卡等方式实交或预存；2、微信缴纳：进入微信搜索“荆门市城市水务集团有限公司”微信公众号缴纳水费；3、银行代扣：用户携带工商银行借记卡，身份证复印件到柜台办理代扣，每月20日左右扣款；4、网上银行缴纳：可通过建行网银、邮政网银、中行网银、交行网银平台办理水费实交或预存。",
            "question": "怎么样查询或缴纳自己的水费呢？"
        },
        {
            "information": "根据《市人民政府办公室关于印发荆门市城市生活垃圾处理费征收实施方案的通知》，垃圾处理费征收标准为城区居民（含暂住人口）按户计算，每月每户5元（物业管理小区内住户减半收取，由小区物业向环卫部门申请审核批准后，环卫部门向水务集团出具相关资料），并明确城市居民生活垃圾处理费由荆门市城市水务集团有限公司与水费绑定代收。",
            "question": "城市垃圾清运费为多少？为什么由荆门水务代收？"
        }
    ]
}