{
    "title": "注意荆门中心城区这项补贴政策时间延长",
    "questions": [
        {
            "information": "高校毕业生在荆门中心城区购房补贴时间延长",
            "question": "高校毕业生在荆门中心城区购房补贴的时间延长了多久？"
        },
        {
            "information": "高校毕业生申领购房补贴的对象和条件",
            "question": "哪些高校毕业生可以申领购房补贴？需要满足哪些条件？"
        },
        {
            "information": "扩展了申领购房补贴的高校毕业生范围",
            "question": "哪些高校毕业生可以申领购房补贴？"
        },
        {
            "information": "申请购房补贴的条件",
            "question": "申请购房补贴需要满足哪些条件？"
        },
        {
            "information": "高校毕业生购房补贴时间的延长",
            "question": "高校毕业生购房补贴的截止时间延长了多久？"
        },
        {
            "information": "购房补贴申请的截止日期延长",
            "question": "购房补贴申请的截止日期延长了多久？"
        },
        {
            "information": "优化各类购房补贴发放流程",
            "question": "如何优化各类购房补贴的发放流程？"
        },
        {
            "information": "荆门新增本土无症状感染者",
            "question": "荆门新增了多少例本土无症状感染者？"
        },
        {
            "information": "荆门考古有重要新发现",
            "question": "荆门考古有什么重要新发现？"
        },
        {
            "information": "荆门一条路段即将封闭施工",
            "question": "荆门哪条路段即将封闭施工？需要注意什么？"
        }
    ]
}