{
    "title": "最新通知事关荆门每个小区的车位车库问题",
    "questions": [
        {
            "information": "从9月1日起，达到条件可以租售。",
            "question": "从什么时候起可以租售？"
        },
        {
            "information": "租售要具备什么条件？",
            "question": "租售需要具备什么条件？"
        },
        {
            "information": "买到手的车位是否可以随意转手？",
            "question": "购买的车位是否可以自由转让？"
        },
        {
            "information": "规定，从9月1日起，地下停车场建设用地使用权办理不动产登记后，可以依法转让、出租、抵押。",
            "question": "哪些车位可以依法转让、出租、抵押？"
        },
        {
            "information": "中心城区范围内房地产开发项目建筑区划内，规划用于停放汽车的车位、车库交易都必须按《通知》执行。",
            "question": "哪些车位、车库交易必须按照《通知》执行？"
        },
        {
            "information": "业主共有停车位的使用方式、相关收益及其使用由业主大会决定。",
            "question": "业主共有停车位的使用方式和收益由谁决定？"
        },
        {
            "information": "产权停车位。建筑区划内按照建设工程规划许可证确定且首次登记所有权人为房地产开发企业的停车位，可以出售、附赠、出租。",
            "question": "哪些车位可以出售、附赠、出租？"
        },
        {
            "information": "人防停车位。建筑区划内依法配建的人防“平战结合”地下停车位，经人防主管部门同意，房地产开发企业可按照“平时由投资者使用管理，收益归投资者所有”的原则出租，但不得出售。",
            "question": "人防停车位可以出售吗？"
        },
        {
            "information": "机械式停车位。房地产开发企业开发建设的机械式停车位只能出租，不得出售。",
            "question": "机械式停车位可以出售吗？"
        },
        {
            "information": "开发项目停车位的出售、出租，应该符合商品房租售管理的有关规定，实行商品房现售备案和商品房租赁登记备案。",
            "question": "停车位的出售、出租应该符合什么规定？"
        },
        {
            "information": "产权停车位不得预售，需经竣工综合验收备案且办理不动产首次登记后，向住建部门申请办理商品房现售备案证，买受人依法办理不动产权属证书。",
            "question": "产权停车位需要经过哪些步骤才能出售？"
        },
        {
            "information": "建筑区划内的停车位，应当首先满足本建筑区划内业主的需要，不得向非业主出售。",
            "question": "停车位应当优先满足谁的需要？"
        },
        {
            "information": "开发企业出租停车位，应当首先出租给本建筑区划内的业主和物业使用人。在完全满足本建筑区划内业主和物业使用人需求的前提下仍有空余车位的，可临时出租给本建筑区划内以外的单位或个人使用，但每次租赁期限不得超过一年。",
            "question": "开发企业出租停车位应当优先出租给谁？"
        },
        {
            "information": "购房人购买产权停车位，经登记并取得不动产权属证书后可依法出售、赠与及以其他方式进行转让，但受让人应当为本项目其他具备条件的购房人。",
            "question": "购买产权停车位后可以进行哪些操作？"
        },
        {
            "information": "建筑区划内规划用于停放汽车的停车位，不得擅自改变其使用性质或封闭使用，也不得放置易燃、易爆、剧毒、放射性等有害物体。",
            "question": "停车位的使用性质可以随意改变吗？"
        }
    ]
}